title,short_description,content,level,category,curriculum_title,curriculum_description,lesson/quiz,course_requirements,you_will_learn,skills_you_gain,course_includes,faq_question,faq_answer,course_evaluation_via,passing_grade,material_title,material_url
HubSpot CMS for Developers,"At 62+ hours, this Web Development course is without a doubt the most comprehensive web development course available online.","Welcome to the Complete Web Development Bootcamp,<strong> the only course you need</strong> to learn to code and become a full-stack web developer. With 150,000+ ratings and a 4.8 average, my Web Development course is one of the HIGHEST RATED courses in the history of Udemy!

At 62+ hours, this Web Development course is without a doubt the <strong>most comprehensive </strong>web development course available online. Even if you have <strong>zero</strong> programming experience, this course will take you from <strong>beginner to mastery</strong>. Here's why:",Beginner | Intermediate,E-commerce | Webflow,Welcome To The Course!,In this section we will be looking at how to handle objections from your customer. To get from the pitch conversation to closing the deal it's vital you understand their objections and how to remove them.,Day-1: Introduction to HubSpot Development | Day 2: Introduction to HubSpot Theme development and basic structure of it,"No physical equipment is needed | A willingness to learn, and situations to practise are advised",Close deals with confidence | Enjoy selling by befriending customers | Be organised and efficient,Active Listening | Product/Project Knowledge and Confidence,Feel confident preparing for a sales meeting | Know different selling styles and their uses,What is Skilltriks? | How can I get the customer support?,"Lorem ipsum dolor sit amet, consectetur adipiscing elit. Mauris ut metus mauris. Proin quis nunc urna. Quisque id vestibulum nisl, id mattis libero. Donec efficitur, nisi sed eleifend blandit, massa neque lobortis tortor, eu porta neque arcu non nulla. Maecenas at enim interdum, ornare arcu eget, pellentesque nulla. Quisque molestie sapien non magna efficitur condimentum. Aliquam et finibus lectus. | This course covers everything you need to know about sales: from preparing and planning, relationship building, objection handling techniques, and closing the deal at a brilliant price.",lessons,10,test | test 1,https://morth.nic.in/sites/default/files/dd12-13_0.pdf | https://www.antennahouse.com/hubfs/xsl-fo-sample/pdf/basic-link-1.pdf
WordPress + ChatGPT API,"At 62+ hours, this Web Development course is without a doubt the most comprehensive web development course available online.",,Intermediate,WordPress,Examples of AI Automation (WordPress + ChatGPT API),,First AI Automation: Content Creation Automation Using ChatGPT API | WordPress ChatGPT - Quiz,"No physical equipment is needed | A willingness to learn, and situations to practise are advised",,Active Listening,,,,final quiz / last quiz,,,
Code Review,,,"Professional
",Web Development | SEO,Code Review,,what is a code review? | Who should do code reviews? | Why do we do code reviews?,,Close deals with confidence | Enjoy selling by befriending customers | Be organised and efficient,,,,,passed quizzes,20,,https://morth.nic.in/sites/default/files/dd12-13_0.pdf
